#query_name	seed_eggNOG_ortholog	seed_ortholog_evalue	seed_ortholog_score	best_tax_level	Preferred_name	GOs	EC	KEGG_ko	KEGG_Pathway	KEGG_Module	KEGG_Reaction	KEGG_rclass	BRITE	KEGG_TC	CAZy	BiGG_Reaction	taxonomic scope	eggNOG OGs	best eggNOG OG	COG Functional cat.	eggNOG free text desc.
orf00002_1	1121267.JHZL01000010_gene374	4.17e-26	97.8	Epsilonproteobacteria													Bacteria	1Q5UN@1224,2A0SZ@1,2YSCA@29547,30NXM@2,431UX@68525	NA|NA|NA		
orf00001_1	360107.CHAB381_A0005	4.06e-105	347.0	delta/epsilon subdivisions													Bacteria	1QYQR@1224,2AQWX@1,2ZYSX@2,43CI2@68525	NA|NA|NA	S	Relaxase/Mobilisation nuclease domain
orf00007_1	360107.CHAB381_A0005	3.8e-111	347.0	delta/epsilon subdivisions													Bacteria	1QYQR@1224,2AQWX@1,2ZYSX@2,43CI2@68525	NA|NA|NA	S	Relaxase/Mobilisation nuclease domain
orf00003_1	1134474.O59_000403	3.03e-53	176.0	Gammaproteobacteria			3.2.1.17	ko:K01185,ko:K11904	ko03070,map03070	M00334			ko00000,ko00001,ko00002,ko01000,ko02044	3.A.23.1			Bacteria	1MZJD@1224,1SA7C@1236,COG3772@1,COG3772@2	NA|NA|NA	G	Phage lysozyme
orf00005_1	613026.HRAG_01967	4.84e-154	504.0	Epsilonproteobacteria													Bacteria	1Q1X4@1224,2AIPW@1,2YSC0@29547,3196J@2,431C8@68525	NA|NA|NA		
orf00006_1	1325130.HFN_1980	5.31e-148	434.0	Epsilonproteobacteria													Bacteria	1PZRK@1224,2AHR9@1,2YP2N@29547,3183K@2,42R13@68525	NA|NA|NA		
orf00008_1	1121267.JHZL01000019_gene1260	1.75e-73	228.0	Epsilonproteobacteria	tssG			ko:K11895	ko02025,map02025	M00334			ko00000,ko00001,ko00002,ko02044	3.A.23.1			Bacteria	1MWVS@1224,2YN8Z@29547,42Q2Y@68525,COG3520@1,COG3520@2	NA|NA|NA	S	Type VI secretion, TssG
orf00009_1	683083.C414_000040099	1.44e-31	117.0	Epsilonproteobacteria	tssG			ko:K11895	ko02025,map02025	M00334			ko00000,ko00001,ko00002,ko02044	3.A.23.1			Bacteria	1MWVS@1224,2YN8Z@29547,42Q2Y@68525,COG3520@1,COG3520@2	NA|NA|NA	S	Type VI secretion, TssG
orf00010_1	683083.C414_000040100	0.0	1006.0	Epsilonproteobacteria				ko:K11904	ko03070,map03070	M00334			ko00000,ko00001,ko00002,ko02044	3.A.23.1			Bacteria	1MU7Q@1224,2YN67@29547,42Q4M@68525,COG3501@1,COG3501@2	NA|NA|NA	S	protein conserved in bacteria
orf00011_1	683083.C414_000040100	1.2e-31	129.0	Epsilonproteobacteria				ko:K11904	ko03070,map03070	M00334			ko00000,ko00001,ko00002,ko02044	3.A.23.1			Bacteria	1MU7Q@1224,2YN67@29547,42Q4M@68525,COG3501@1,COG3501@2	NA|NA|NA	S	protein conserved in bacteria
orf00012_1	425400.LS65_01170	7.17e-53	181.0	Bacteria													Bacteria	COG0666@1,COG0666@2	NA|NA|NA	G	response to abiotic stimulus
orf00015_1	683083.C414_000050004	2.69e-91	276.0	Epsilonproteobacteria													Bacteria	1QBHE@1224,2YN7Y@29547,42PCC@68525,COG2931@1,COG2931@2	NA|NA|NA	Q	calcium- and calmodulin-responsive adenylate cyclase activity
orf00016_1	235279.HH_1587	9.68e-88	261.0	Bacteria													Bacteria	29NMT@1,309JR@2	NA|NA|NA		
orf00017_1	683083.C414_000080050	1.15e-68	208.0	Bacteria													Bacteria	2E7YT@1,332D7@2	NA|NA|NA		
orf00004_1	192222.Cj1576c	1.36e-305	832.0	Epsilonproteobacteria	nuoD	GO:0003674,GO:0003824,GO:0003954,GO:0006091,GO:0006119,GO:0006120,GO:0006139,GO:0006163,GO:0006725,GO:0006753,GO:0006793,GO:0006796,GO:0006807,GO:0008137,GO:0008150,GO:0008152,GO:0009117,GO:0009123,GO:0009126,GO:0009141,GO:0009144,GO:0009150,GO:0009161,GO:0009167,GO:0009199,GO:0009205,GO:0009259,GO:0009987,GO:0015980,GO:0016310,GO:0016491,GO:0016651,GO:0016655,GO:0017144,GO:0019637,GO:0019693,GO:0022900,GO:0022904,GO:0034641,GO:0042773,GO:0042775,GO:0044237,GO:0044238,GO:0044281,GO:0045333,GO:0046034,GO:0046483,GO:0050136,GO:0055086,GO:0055114,GO:0071704,GO:0072521,GO:1901135,GO:1901360,GO:1901564	1.6.5.3	ko:K00333,ko:K13378	ko00190,ko01100,map00190,map01100	M00144	R11945	RC00061	ko00000,ko00001,ko00002,ko01000	3.D.1			Bacteria	1MVIN@1224,2YMSC@29547,42M9G@68525,COG0649@1,COG0649@2	NA|NA|NA	C	NDH-1 shuttles electrons from NADH, via FMN and iron- sulfur (Fe-S) centers, to quinones in the respiratory chain. The immediate electron acceptor for the enzyme in this species is believed to be ubiquinone. Couples the redox reaction to proton translocation (for every two electrons transferred, four hydrogen ions are translocated across the cytoplasmic membrane), and thus conserves the redox energy in a proton gradient
orf00013_1	192222.Cj1568c	0.0	1130.0	Epsilonproteobacteria	nuoL		1.6.5.3	ko:K00341	ko00190,ko01100,map00190,map01100	M00144	R11945	RC00061	ko00000,ko00001,ko00002,ko01000	3.D.1			Bacteria	1MW2M@1224,2YN0B@29547,42KZE@68525,COG1009@1,COG1009@2	NA|NA|NA	CP	COG1009 NADH ubiquinone oxidoreductase subunit 5 (chain L) Multisubunit Na H antiporter MnhA subunit
orf00014_1	192222.Cj1567c	0.0	897.0	Epsilonproteobacteria	nuoM	GO:0005575,GO:0005623,GO:0005886,GO:0016020,GO:0044464,GO:0071944	1.6.5.3	ko:K00342	ko00190,ko01100,map00190,map01100	M00144	R11945	RC00061	ko00000,ko00001,ko00002,ko01000	3.D.1			Bacteria	1MV7V@1224,2YMP5@29547,42NGD@68525,COG1008@1,COG1008@2	NA|NA|NA	C	COG1008 NADH ubiquinone oxidoreductase subunit 4 (chain M)
orf00019_1	192222.Cj0583	6.64e-125	355.0	Epsilonproteobacteria	hobA												Bacteria	1Q0P6@1224,2BM55@1,2YPGR@29547,32FNN@2,42SB7@68525	NA|NA|NA	S	DNA replication regulator
orf00020_1	192222.Cj0584	8.75e-129	367.0	Epsilonproteobacteria	holB		2.7.7.7	ko:K02341,ko:K02343	ko00230,ko00240,ko01100,ko03030,ko03430,ko03440,map00230,map00240,map01100,map03030,map03430,map03440	M00260	R00375,R00376,R00377,R00378	RC02795	ko00000,ko00001,ko00002,ko01000,ko03032,ko03400				Bacteria	1R9U1@1224,2YPZZ@29547,42R45@68525,COG0470@1,COG0470@2	NA|NA|NA	L	DNA polymerase III
orf00021_1	192222.Cj0585	1e-270	741.0	Epsilonproteobacteria	folP	GO:0003674,GO:0003824,GO:0004156,GO:0005575,GO:0005622,GO:0005623,GO:0005737,GO:0005829,GO:0006082,GO:0006575,GO:0006725,GO:0006732,GO:0006760,GO:0006807,GO:0008150,GO:0008152,GO:0009058,GO:0009108,GO:0009396,GO:0009987,GO:0016053,GO:0016740,GO:0016765,GO:0018130,GO:0019438,GO:0019752,GO:0034641,GO:0042398,GO:0042558,GO:0042559,GO:0043436,GO:0043603,GO:0043604,GO:0044237,GO:0044249,GO:0044271,GO:0044281,GO:0044283,GO:0044424,GO:0044444,GO:0044464,GO:0046394,GO:0046483,GO:0046653,GO:0046654,GO:0051186,GO:0051188,GO:0071704,GO:1901360,GO:1901362,GO:1901564,GO:1901566,GO:1901576	2.5.1.15	ko:K00796,ko:K18824,ko:K18974	ko00790,ko01100,map00790,map01100	M00126,M00841	R03066,R03067	RC00121,RC00842	ko00000,ko00001,ko00002,ko01000,ko01504				Bacteria	1MUIR@1224,2YMDM@29547,42MMY@68525,COG0294@1,COG0294@2	NA|NA|NA	H	dihydropteroate synthase
orf00022_1	192222.Cj0586	0.0	1262.0	Epsilonproteobacteria	ligA	GO:0003674,GO:0003824,GO:0003909,GO:0003911,GO:0005575,GO:0005622,GO:0005623,GO:0005737,GO:0005829,GO:0006139,GO:0006259,GO:0006266,GO:0006281,GO:0006284,GO:0006288,GO:0006725,GO:0006807,GO:0006950,GO:0006974,GO:0008150,GO:0008152,GO:0009987,GO:0016874,GO:0016886,GO:0033554,GO:0034641,GO:0043170,GO:0044237,GO:0044238,GO:0044260,GO:0044424,GO:0044444,GO:0044464,GO:0046483,GO:0050896,GO:0051103,GO:0051716,GO:0071704,GO:0090304,GO:0140097,GO:1901360	6.5.1.2	ko:K01972	ko03030,ko03410,ko03420,ko03430,map03030,map03410,map03420,map03430		R00382	RC00005	ko00000,ko00001,ko01000,ko03032,ko03400				Bacteria	1MV3R@1224,2YM83@29547,42MC5@68525,COG0272@1,COG0272@2	NA|NA|NA	L	DNA ligase that catalyzes the formation of phosphodiester linkages between 5'-phosphoryl and 3'-hydroxyl groups in double-stranded DNA using NAD as a coenzyme and as the energy source for the reaction. It is essential for DNA replication and repair of damaged DNA
orf00018_1	354242.CJJ81176_0366	0.0	1830.0	Epsilonproteobacteria	uvrA			ko:K03701	ko03420,map03420				ko00000,ko00001,ko03400				Bacteria	1MW0W@1224,2YMFT@29547,42M4I@68525,COG0178@1,COG0178@2	NA|NA|NA	L	The UvrABC repair system catalyzes the recognition and processing of DNA lesions. UvrA is an ATPase and a DNA-binding protein. A damage recognition complex composed of 2 UvrA and 2 UvrB subunits scans DNA for abnormalities. When the presence of a lesion has been verified by UvrB, the UvrA molecules dissociate
orf00032_1	354242.CJJ81176_0464	1.47e-211	655.0	Epsilonproteobacteria	frdB		1.3.5.1,1.3.5.4	ko:K00240	ko00020,ko00190,ko00650,ko00720,ko01100,ko01110,ko01120,ko01130,ko01200,map00020,map00190,map00650,map00720,map01100,map01110,map01120,map01130,map01200	M00009,M00011,M00149,M00173,M00374,M00376	R02164	RC00045	ko00000,ko00001,ko00002,ko01000				Bacteria	1MVHS@1224,2YNZ3@29547,42R1M@68525,COG0479@1,COG0479@2	NA|NA|NA	C	fumarate reductase, iron-sulfur protein
orf00023_1	192222.Cj0440c	9.45e-158	442.0	Epsilonproteobacteria	tenA	GO:0005575,GO:0005622,GO:0005623,GO:0005737,GO:0005829,GO:0044424,GO:0044444,GO:0044464	3.5.99.2	ko:K03707	ko00730,ko01100,map00730,map01100		R02133,R09993	RC00224,RC00652,RC02832	ko00000,ko00001,ko01000,ko03000				Bacteria	1R21S@1224,2YNMD@29547,42MVU@68525,COG0819@1,COG0819@2	NA|NA|NA	K	Catalyzes an amino-pyrimidine hydrolysis reaction at the C5' of the pyrimidine moiety of thiamine compounds, a reaction that is part of a thiamine salvage pathway
orf00024_1	192222.Cj0439	5.12e-207	572.0	Epsilonproteobacteria	hdrB			ko:K00241	ko00020,ko00190,ko00650,ko00720,ko01100,ko01110,ko01120,ko01130,ko01200,map00020,map00190,map00650,map00720,map01100,map01110,map01120,map01130,map01200	M00009,M00011,M00149,M00173,M00374,M00376	R02164	RC00045	ko00000,ko00001,ko00002				Bacteria	1N37J@1224,2YN0P@29547,42P51@68525,COG2048@1,COG2048@2	NA|NA|NA	C	Heterodisulfide reductase subunit B
orf00025_1	354242.CJJ81176_0464	4.03e-238	654.0	Epsilonproteobacteria	frdB		1.3.5.1,1.3.5.4	ko:K00240	ko00020,ko00190,ko00650,ko00720,ko01100,ko01110,ko01120,ko01130,ko01200,map00020,map00190,map00650,map00720,map01100,map01110,map01120,map01130,map01200	M00009,M00011,M00149,M00173,M00374,M00376	R02164	RC00045	ko00000,ko00001,ko00002,ko01000				Bacteria	1MVHS@1224,2YNZ3@29547,42R1M@68525,COG0479@1,COG0479@2	NA|NA|NA	C	fumarate reductase, iron-sulfur protein
orf00026_1	354242.CJJ81176_0463	0.0	1200.0	Epsilonproteobacteria	frdA		1.3.1.6,1.3.5.1,1.3.5.4	ko:K00239,ko:K18556	ko00020,ko00190,ko00650,ko00720,ko01100,ko01110,ko01120,ko01130,ko01200,ko05134,map00020,map00190,map00650,map00720,map01100,map01110,map01120,map01130,map01200,map05134	M00009,M00011,M00149,M00173,M00374,M00376	R00402,R02164	RC00045	ko00000,ko00001,ko00002,ko01000				Bacteria	1MU5M@1224,2YMTF@29547,42M81@68525,COG1053@1,COG1053@2	NA|NA|NA	C	fumarate reductase, flavoprotein subunit
orf00027_1	192222.Cj0436	1.53e-96	280.0	Epsilonproteobacteria													Bacteria	1P0VJ@1224,2YP7N@29547,42S6M@68525,COG5015@1,COG5015@2	NA|NA|NA	S	Pfam:Pyridox_oxidase
orf00028_1	192222.Cj0435	1.67e-168	471.0	Epsilonproteobacteria													Bacteria	1MU6X@1224,2YMN0@29547,42MB9@68525,COG1028@1,COG1028@2	NA|NA|NA	IQ	reductase
orf00029_1	192222.Cj0434	0.0	972.0	Epsilonproteobacteria	gpmI	GO:0003674,GO:0003824,GO:0004619,GO:0005488,GO:0005575,GO:0005622,GO:0005623,GO:0005737,GO:0005829,GO:0005975,GO:0006082,GO:0006090,GO:0006091,GO:0006096,GO:0006139,GO:0006163,GO:0006164,GO:0006165,GO:0006725,GO:0006732,GO:0006733,GO:0006753,GO:0006754,GO:0006757,GO:0006793,GO:0006796,GO:0006807,GO:0006950,GO:0006979,GO:0008150,GO:0008152,GO:0009056,GO:0009058,GO:0009108,GO:0009117,GO:0009123,GO:0009124,GO:0009126,GO:0009127,GO:0009132,GO:0009135,GO:0009141,GO:0009142,GO:0009144,GO:0009145,GO:0009150,GO:0009152,GO:0009156,GO:0009161,GO:0009165,GO:0009166,GO:0009167,GO:0009168,GO:0009179,GO:0009185,GO:0009199,GO:0009201,GO:0009205,GO:0009206,GO:0009259,GO:0009260,GO:0009987,GO:0016052,GO:0016053,GO:0016310,GO:0016853,GO:0016866,GO:0016868,GO:0017144,GO:0018130,GO:0019359,GO:0019362,GO:0019363,GO:0019438,GO:0019439,GO:0019637,GO:0019693,GO:0019752,GO:0030145,GO:0032787,GO:0034404,GO:0034641,GO:0034654,GO:0034655,GO:0042866,GO:0043167,GO:0043169,GO:0043436,GO:0043937,GO:0044237,GO:0044238,GO:0044248,GO:0044249,GO:0044270,GO:0044271,GO:0044281,GO:0044283,GO:0044424,GO:0044444,GO:0044464,GO:0046031,GO:0046034,GO:0046390,GO:0046394,GO:0046434,GO:0046483,GO:0046496,GO:0046537,GO:0046700,GO:0046872,GO:0046914,GO:0046939,GO:0050789,GO:0050793,GO:0050896,GO:0051186,GO:0051188,GO:0055086,GO:0065007,GO:0071704,GO:0072330,GO:0072521,GO:0072522,GO:0072524,GO:0072525,GO:0090407,GO:1901135,GO:1901137,GO:1901292,GO:1901293,GO:1901360,GO:1901361,GO:1901362,GO:1901564,GO:1901566,GO:1901575,GO:1901576	5.4.2.12	ko:K15633	ko00010,ko00260,ko00680,ko01100,ko01110,ko01120,ko01130,ko01200,ko01230,map00010,map00260,map00680,map01100,map01110,map01120,map01130,map01200,map01230	M00001,M00002,M00003	R01518	RC00536	ko00000,ko00001,ko00002,ko01000			iECSE_1348.ECSE_3895,iJN678.yibO,iJN746.PP_5056	Bacteria	1MUQ1@1224,2YMY6@29547,42N6C@68525,COG0696@1,COG0696@2	NA|NA|NA	G	Catalyzes the interconversion of 2-phosphoglycerate and 3-phosphoglycerate
orf00030_1	192222.Cj0433c	3.9e-243	669.0	Epsilonproteobacteria	mraY	GO:0000270,GO:0003674,GO:0003824,GO:0005488,GO:0005515,GO:0005575,GO:0005623,GO:0005886,GO:0006022,GO:0006023,GO:0006024,GO:0006807,GO:0008150,GO:0008152,GO:0008963,GO:0009058,GO:0009059,GO:0009252,GO:0009273,GO:0009987,GO:0016020,GO:0016740,GO:0016772,GO:0016780,GO:0030203,GO:0034645,GO:0040007,GO:0042546,GO:0042802,GO:0043170,GO:0044036,GO:0044038,GO:0044085,GO:0044237,GO:0044249,GO:0044260,GO:0044464,GO:0070589,GO:0071554,GO:0071704,GO:0071840,GO:0071944,GO:1901135,GO:1901137,GO:1901564,GO:1901566,GO:1901576	2.7.8.13	ko:K01000	ko00550,ko01100,ko01502,map00550,map01100,map01502		R05629,R05630	RC00002,RC02753	ko00000,ko00001,ko01000,ko01011	9.B.146		iAF987.Gmet_0409,iEC042_1314.EC042_0088,iECABU_c1320.ECABU_c00920,iECED1_1282.ECED1_0088,iECH74115_1262.ECH74115_0095,iECSP_1301.ECSP_0090,iECs_1301.ECs0091,iG2583_1286.G2583_0091,iSDY_1059.SDY_0117,iZ_1308.Z0097,ic_1306.c0105	Bacteria	1MUTK@1224,2YMQE@29547,42MCP@68525,COG0472@1,COG0472@2	NA|NA|NA	M	First step of the lipid cycle reactions in the biosynthesis of the cell wall peptidoglycan
orf00031_1	192222.Cj0432c	1.55e-292	798.0	Epsilonproteobacteria	murD		6.3.2.9	ko:K01925	ko00471,ko00550,ko01100,map00471,map00550,map01100		R02783	RC00064,RC00141	ko00000,ko00001,ko01000,ko01011				Bacteria	1MVYD@1224,2YMA5@29547,42MJY@68525,COG0771@1,COG0771@2	NA|NA|NA	M	Cell wall formation. Catalyzes the addition of glutamate to the nucleotide precursor UDP-N-acetylmuramoyl-L-alanine (UMA)
orf00033_1	192222.Cj0238	0.0	1165.0	Epsilonproteobacteria	mscS			ko:K16052					ko00000,ko02000	1.A.23.4			Bacteria	1MXD2@1224,2YN0J@29547,42M92@68525,COG0668@1,COG0668@2	NA|NA|NA	M	mechanosensitive ion channel
orf00034_1	192222.Cj0239c	1.51e-234	645.0	Epsilonproteobacteria	nifU			ko:K13819					ko00000				Bacteria	1RD5K@1224,2YMXY@29547,42MT6@68525,COG0694@1,COG0694@2,COG0822@1,COG0822@2	NA|NA|NA	CO	May be involved in the formation or repair of Fe-S clusters present in iron-sulfur proteins
orf00035_1	192222.Cj0240c	2.75e-274	751.0	Epsilonproteobacteria	nifS		2.8.1.7	ko:K04487	ko00730,ko01100,ko04122,map00730,map01100,map04122		R07460,R11528,R11529	RC01789,RC02313	ko00000,ko00001,ko01000,ko02048,ko03016,ko03029				Bacteria	1MU1C@1224,2YM81@29547,42M5V@68525,COG1104@1,COG1104@2	NA|NA|NA	E	Cysteine desulfurase
orf00036_1	192222.Cj0241c	1.17e-85	253.0	Epsilonproteobacteria				ko:K07216					ko00000				Bacteria	1PCDS@1224,2YQKF@29547,42W64@68525,COG2703@1,COG2703@2	NA|NA|NA	C	Oxygen-binding protein. May be involved in a storage mechanism or for delivery to oxygen-requiring enzymes. The oxygen- binding site contains two iron atoms
orf00037_1	192222.Cj1037c	0.0	950.0	Epsilonproteobacteria	pycA		6.3.4.14,6.4.1.1,6.4.1.2,6.4.1.7	ko:K01959,ko:K01961,ko:K20141	ko00020,ko00061,ko00620,ko00640,ko00720,ko01100,ko01110,ko01120,ko01130,ko01200,ko01212,ko01230,map00020,map00061,map00620,map00640,map00720,map01100,map01110,map01120,map01130,map01200,map01212,map01230	M00082,M00173,M00376,M00620	R00344,R00742,R04385	RC00040,RC00253,RC00367	ko00000,ko00001,ko00002,ko01000				Bacteria	1MU4H@1224,2YMWB@29547,42M14@68525,COG0439@1,COG0439@2	NA|NA|NA	I	Biotin carboxylase
orf00038_1	354242.CJJ81176_1057	1.36e-267	734.0	Epsilonproteobacteria	ftsW	GO:0003674,GO:0005215,GO:0005575,GO:0005623,GO:0005886,GO:0005887,GO:0006810,GO:0008150,GO:0008360,GO:0009987,GO:0015647,GO:0015648,GO:0015835,GO:0015836,GO:0016020,GO:0016021,GO:0022603,GO:0022604,GO:0022857,GO:0022884,GO:0031224,GO:0031226,GO:0032153,GO:0040007,GO:0044425,GO:0044459,GO:0044464,GO:0050789,GO:0050793,GO:0050794,GO:0051128,GO:0051179,GO:0051234,GO:0051301,GO:0055085,GO:0065007,GO:0065008,GO:0071702,GO:0071705,GO:0071944,GO:1901264,GO:1901505	2.4.1.227	ko:K02563,ko:K03588	ko00550,ko01100,ko01502,ko04112,map00550,map01100,map01502,map04112		R05032,R05662	RC00005,RC00049	ko00000,ko00001,ko01000,ko01011,ko02000,ko03036	2.A.103.1	GT28		Bacteria	1MVDB@1224,2YMJH@29547,42MG2@68525,COG0772@1,COG0772@2	NA|NA|NA	D	Belongs to the SEDS family
orf00039_1	192222.Cj1039	1.27e-247	679.0	Epsilonproteobacteria	murG	GO:0000270,GO:0003674,GO:0003824,GO:0006022,GO:0006023,GO:0006024,GO:0006807,GO:0008150,GO:0008152,GO:0008194,GO:0008375,GO:0009058,GO:0009059,GO:0009252,GO:0009273,GO:0009987,GO:0016740,GO:0016757,GO:0016758,GO:0030203,GO:0034645,GO:0042546,GO:0043170,GO:0044036,GO:0044038,GO:0044085,GO:0044237,GO:0044249,GO:0044260,GO:0050511,GO:0070589,GO:0071554,GO:0071704,GO:0071840,GO:1901135,GO:1901137,GO:1901564,GO:1901566,GO:1901576	2.4.1.227	ko:K02563	ko00550,ko01100,ko01502,ko04112,map00550,map01100,map01502,map04112		R05032,R05662	RC00005,RC00049	ko00000,ko00001,ko01000,ko01011		GT28	iLJ478.TM0232,iSFV_1184.SFV_0083,iSF_1195.SF0087,iSFxv_1172.SFxv_0091,iS_1188.S0089	Bacteria	1MVIB@1224,2YMI9@29547,42ME1@68525,COG0707@1,COG0707@2	NA|NA|NA	M	Cell wall formation. Catalyzes the transfer of a GlcNAc subunit on undecaprenyl-pyrophosphoryl-MurNAc-pentapeptide (lipid intermediate I) to form undecaprenyl-pyrophosphoryl-MurNAc- (pentapeptide)GlcNAc (lipid intermediate II)
orf00041_1	192222.Cj1040c	9.83e-261	716.0	Epsilonproteobacteria	yeaN	GO:0005575,GO:0005623,GO:0005886,GO:0008150,GO:0016020,GO:0042221,GO:0044464,GO:0046677,GO:0050896,GO:0071944		ko:K03449					ko00000,ko02000	2.A.1.17			Bacteria	1MXGT@1224,2YMET@29547,42RSA@68525,COG2807@1,COG2807@2	NA|NA|NA	P	Major facilitator superfamily
orf00042_1	192222.Cj1041c	4.91e-204	564.0	Epsilonproteobacteria													Bacteria	1N9KP@1224,2YN36@29547,42MVC@68525,COG3391@1,COG3391@2	NA|NA|NA	S	amine dehydrogenase activity
orf00040_1	192222.Cj1242	5.99e-64	196.0	Epsilonproteobacteria													Bacteria	1Q2TN@1224,2BRGH@1,2YQGC@29547,32KFE@2,42W8A@68525	NA|NA|NA		
orf00043_1	192222.Cj1245c	1.97e-259	712.0	Epsilonproteobacteria													Bacteria	1PZ6D@1224,29VGP@1,2YNMH@29547,30GY9@2,42Q3Y@68525	NA|NA|NA		
orf00044_1	192222.Cj1246c	0.0	1151.0	Epsilonproteobacteria	uvrC	GO:0003674,GO:0005488,GO:0005515,GO:0005575,GO:0005622,GO:0005623,GO:0006950,GO:0006974,GO:0008150,GO:0009380,GO:0009987,GO:0032991,GO:0033554,GO:0042802,GO:0044424,GO:0044464,GO:0050896,GO:0051716,GO:1902494,GO:1905347,GO:1905348,GO:1990391		ko:K03703	ko03420,map03420				ko00000,ko00001,ko03400				Bacteria	1MV38@1224,2YMVC@29547,42MB1@68525,COG0322@1,COG0322@2	NA|NA|NA	L	The UvrABC repair system catalyzes the recognition and processing of DNA lesions. UvrC both incises the 5' and 3' sides of the lesion. The N-terminal half is responsible for the 3' incision and the C-terminal half is responsible for the 5' incision
orf00045_1	192222.Cj1247c	4.25e-112	322.0	Epsilonproteobacteria													Bacteria	1Q1P5@1224,2BPB2@1,2YPVP@29547,32I2Y@2,42U3B@68525	NA|NA|NA		
orf00046_1	192222.Cj1248	0.0	1003.0	Epsilonproteobacteria	guaA	GO:0003674,GO:0003824,GO:0003921,GO:0003922,GO:0005488,GO:0005515,GO:0005575,GO:0005618,GO:0005622,GO:0005623,GO:0005737,GO:0005829,GO:0006139,GO:0006163,GO:0006164,GO:0006177,GO:0006725,GO:0006753,GO:0006793,GO:0006796,GO:0006807,GO:0008150,GO:0008152,GO:0009058,GO:0009116,GO:0009117,GO:0009119,GO:0009123,GO:0009124,GO:0009126,GO:0009127,GO:0009150,GO:0009152,GO:0009156,GO:0009161,GO:0009163,GO:0009165,GO:0009167,GO:0009168,GO:0009259,GO:0009260,GO:0009987,GO:0016874,GO:0016879,GO:0016884,GO:0018130,GO:0019438,GO:0019637,GO:0019693,GO:0030312,GO:0034404,GO:0034641,GO:0034654,GO:0040007,GO:0042278,GO:0042451,GO:0042455,GO:0042802,GO:0044237,GO:0044238,GO:0044249,GO:0044271,GO:0044281,GO:0044283,GO:0044424,GO:0044444,GO:0044464,GO:0046037,GO:0046128,GO:0046129,GO:0046390,GO:0046483,GO:0055086,GO:0071704,GO:0071944,GO:0072521,GO:0072522,GO:0090407,GO:1901068,GO:1901070,GO:1901135,GO:1901137,GO:1901293,GO:1901360,GO:1901362,GO:1901564,GO:1901566,GO:1901576,GO:1901657,GO:1901659	6.3.5.2	ko:K01951	ko00230,ko00983,ko01100,map00230,map00983,map01100	M00050	R01230,R01231,R08244	RC00010,RC00204	ko00000,ko00001,ko00002,ko01000,ko01002			iJN746.PP_1032,iLJ478.TM1820,iSF_1195.SF2553,iSFxv_1172.SFxv_2808,iS_1188.S2725,iYL1228.KPN_02833	Bacteria	1MU2A@1224,2YMV0@29547,42M0I@68525,COG0518@1,COG0518@2,COG0519@1,COG0519@2	NA|NA|NA	F	Catalyzes the synthesis of GMP from XMP
orf00047_1	192222.Cj1249	0.0	943.0	Epsilonproteobacteria													Bacteria	1QV6N@1224,29WG6@1,2YNM8@29547,30I25@2,42P4B@68525	NA|NA|NA		
orf00048_1	192222.Cj1250	2.31e-298	814.0	Epsilonproteobacteria	purD		6.3.4.13,6.3.5.3	ko:K01945,ko:K01952	ko00230,ko01100,ko01110,ko01130,map00230,map01100,map01110,map01130	M00048	R04144,R04463	RC00010,RC00090,RC00166,RC01160	ko00000,ko00001,ko00002,ko01000				Bacteria	1MUAH@1224,2YMR4@29547,42MCI@68525,COG0151@1,COG0151@2	NA|NA|NA	F	Belongs to the GARS family
orf00049_1	354242.CJJ81176_1267	3.2e-98	286.0	Epsilonproteobacteria													Bacteria	1N7R6@1224,2YPV6@29547,42U2T@68525,COG1714@1,COG1714@2	NA|NA|NA	S	RDD family
orf00050_1	192222.Cj1252	0.0	1375.0	Epsilonproteobacteria	lptD	GO:0003674,GO:0005215,GO:0005575,GO:0005623,GO:0006810,GO:0008150,GO:0008643,GO:0008645,GO:0009279,GO:0015267,GO:0015288,GO:0015749,GO:0015750,GO:0015751,GO:0015757,GO:0016020,GO:0019867,GO:0022803,GO:0022829,GO:0022857,GO:0030312,GO:0030313,GO:0031975,GO:0034219,GO:0044462,GO:0044464,GO:0046323,GO:0051179,GO:0051234,GO:0055085,GO:0071702,GO:0071944,GO:1904659		ko:K04744,ko:K09774,ko:K22110					ko00000,ko02000	1.B.35.1,1.B.35.2,1.B.42.1		iAF987.Gmet_2474,iECO111_1330.ECO111_4695,iECSF_1327.ECSF_3725,iEcSMS35_1347.EcSMS35_4260	Bacteria	1MUJC@1224,2YMFS@29547,42N34@68525,COG1452@1,COG1452@2	NA|NA|NA	M	Involved in the assembly of lipopolysaccharide (LPS) at the surface of the outer membrane
orf00052_1	354242.CJJ81176_1269	0.0	1362.0	Epsilonproteobacteria	pnp	GO:0000166,GO:0000175,GO:0003674,GO:0003676,GO:0003723,GO:0003729,GO:0003824,GO:0004518,GO:0004527,GO:0004532,GO:0004540,GO:0004654,GO:0005488,GO:0005515,GO:0005575,GO:0005618,GO:0005622,GO:0005623,GO:0005737,GO:0005829,GO:0005886,GO:0006139,GO:0006401,GO:0006402,GO:0006725,GO:0006807,GO:0006950,GO:0008144,GO:0008150,GO:0008152,GO:0008408,GO:0009056,GO:0009057,GO:0009266,GO:0009408,GO:0009628,GO:0009892,GO:0009987,GO:0010468,GO:0010605,GO:0010629,GO:0016020,GO:0016070,GO:0016071,GO:0016740,GO:0016772,GO:0016779,GO:0016787,GO:0016788,GO:0016796,GO:0016896,GO:0017076,GO:0019001,GO:0019222,GO:0019439,GO:0030312,GO:0030551,GO:0032553,GO:0032555,GO:0032561,GO:0034641,GO:0034655,GO:0035438,GO:0036094,GO:0042802,GO:0043167,GO:0043168,GO:0043170,GO:0044237,GO:0044238,GO:0044248,GO:0044260,GO:0044265,GO:0044270,GO:0044424,GO:0044444,GO:0044464,GO:0046483,GO:0046700,GO:0048519,GO:0050789,GO:0050896,GO:0060255,GO:0065007,GO:0071704,GO:0071944,GO:0090304,GO:0090305,GO:0090501,GO:0090503,GO:0097159,GO:0097367,GO:0140098,GO:1901265,GO:1901360,GO:1901361,GO:1901363,GO:1901575	2.7.7.8	ko:K00962	ko00230,ko00240,ko03018,map00230,map00240,map03018	M00394	R00437,R00438,R00439,R00440	RC02795	ko00000,ko00001,ko00002,ko01000,ko03016,ko03019				Bacteria	1MVB9@1224,2YMPF@29547,42MTZ@68525,COG1185@1,COG1185@2	NA|NA|NA	J	Involved in mRNA degradation. Catalyzes the phosphorolysis of single-stranded polyribonucleotides processively in the 3'- to 5'-direction
orf00053_1	354242.CJJ81176_1270	1.55e-112	323.0	Epsilonproteobacteria	mug		3.2.2.28	ko:K03575,ko:K03649	ko03410,map03410				ko00000,ko00001,ko01000,ko03400				Bacteria	1REPV@1224,2YPP8@29547,42SIJ@68525,COG3663@1,COG3663@2	NA|NA|NA	L	G T U mismatch-specific DNA glycosylase
orf00054_1	192222.Cj1255	6.59e-42	137.0	Epsilonproteobacteria	dmpI		5.3.2.6	ko:K01821	ko00362,ko00621,ko00622,ko01100,ko01120,ko01220,map00362,map00621,map00622,map01100,map01120,map01220	M00569	R03966,R05389	RC01040,RC01355	ko00000,ko00001,ko00002,ko01000				Bacteria	1N6WW@1224,2YQ6X@29547,42V9V@68525,COG1942@1,COG1942@2	NA|NA|NA	G	Belongs to the 4-oxalocrotonate tautomerase family
orf00055_1	192222.Cj1256c	7.69e-147	414.0	Epsilonproteobacteria													Bacteria	1PZMA@1224,2AHNX@1,2YNVR@29547,3180Y@2,42QU6@68525	NA|NA|NA	S	Protein of unknown function (DUF4230)
orf00057_1	192222.Cj1257c	4.44e-272	746.0	Epsilonproteobacteria	mdtG	GO:0006810,GO:0006855,GO:0008150,GO:0015893,GO:0042221,GO:0042493,GO:0050896,GO:0051179,GO:0051234,GO:0055085		ko:K08161					ko00000,ko02000	2.A.1.2.20			Bacteria	1MUBP@1224,2YMSD@29547,42MEC@68525,COG0477@1,COG2814@2	NA|NA|NA	EGP	Major facilitator Superfamily
orf00058_1	192222.Cj1258	3.2e-92	270.0	Epsilonproteobacteria	ptpA		3.1.3.48	ko:K01104,ko:K20945	ko05111,map05111				ko00000,ko00001,ko01000				Bacteria	1RH90@1224,2YPAB@29547,42RY9@68525,COG0394@1,COG0394@2	NA|NA|NA	T	Belongs to the low molecular weight phosphotyrosine protein phosphatase family
orf00059_1	354242.CJJ81176_1275	1.17e-289	793.0	Epsilonproteobacteria	porA	GO:0005575,GO:0005623,GO:0009279,GO:0016020,GO:0019867,GO:0030312,GO:0030313,GO:0031975,GO:0044462,GO:0044464,GO:0071944											Bacteria	1Q4WK@1224,2YMXN@29547,42NQH@68525,COG4773@1,COG4773@2	NA|NA|NA	P	major outer membrane protein
orf00060_1	192222.Cj1260c	1.61e-252	694.0	Epsilonproteobacteria	dnaJ			ko:K03686,ko:K05516					ko00000,ko03029,ko03036,ko03110				Bacteria	1MVMS@1224,2YMIC@29547,42KZM@68525,COG0484@1,COG0484@2	NA|NA|NA	O	ATP binding to DnaK triggers the release of the substrate protein, thus completing the reaction cycle. Several rounds of ATP-dependent interactions between DnaJ, DnaK and GrpE are required for fully efficient folding. Also involved, together with DnaK and GrpE, in the DNA replication of plasmids through activation of initiation proteins
orf00061_1	192222.Cj1261	8.32e-154	432.0	Epsilonproteobacteria													Bacteria	1MY3D@1224,2YME4@29547,42MG4@68525,COG0745@1,COG0745@2	NA|NA|NA	K	response regulator
orf00062_1	192222.Cj1262	3.27e-294	803.0	Epsilonproteobacteria	racS		2.7.13.3	ko:K02484					ko00000,ko01000,ko01001,ko02022				Bacteria	1QUJK@1224,2YMW6@29547,42PPA@68525,COG0642@1,COG0642@2	NA|NA|NA	T	Histidine kinase
orf00063_1	354242.CJJ81176_1279	3.23e-131	372.0	Epsilonproteobacteria	recR	GO:0000731,GO:0006139,GO:0006259,GO:0006281,GO:0006302,GO:0006310,GO:0006725,GO:0006807,GO:0006950,GO:0006974,GO:0008150,GO:0008152,GO:0009058,GO:0009059,GO:0009314,GO:0009411,GO:0009416,GO:0009628,GO:0009987,GO:0018130,GO:0019438,GO:0033554,GO:0034641,GO:0034645,GO:0034654,GO:0043170,GO:0044237,GO:0044238,GO:0044249,GO:0044260,GO:0044271,GO:0046483,GO:0050896,GO:0051716,GO:0071704,GO:0071897,GO:0090304,GO:1901360,GO:1901362,GO:1901576		ko:K06187	ko03440,map03440				ko00000,ko00001,ko03400				Bacteria	1MV9Q@1224,2YNXZ@29547,42QZJ@68525,COG0353@1,COG0353@2	NA|NA|NA	L	May play a role in DNA repair. It seems to be involved in an RecBC-independent recombinational process of DNA repair. It may act with RecF and RecO
orf00064_1	192222.Cj1264c	4.38e-118	338.0	Epsilonproteobacteria	hydD			ko:K03605					ko00000,ko01000,ko01002				Bacteria	1RE1C@1224,2YP5U@29547,42REH@68525,COG0680@1,COG0680@2	NA|NA|NA	C	hydrogenase maturation protease
orf00065_1	354242.CJJ81176_1281	1.86e-163	457.0	Epsilonproteobacteria	hydC	GO:0005575,GO:0005623,GO:0005886,GO:0016020,GO:0044464,GO:0071944		ko:K03620	ko02020,map02020				ko00000,ko00001				Bacteria	1MU87@1224,2YMRF@29547,42NQ3@68525,COG1969@1,COG1969@2	NA|NA|NA	C	Ni Fe-hydrogenase, b-type cytochrome subunit
orf00066_1	192222.Cj1266c	0.0	1172.0	Epsilonproteobacteria	hydB	GO:0005575,GO:0005623,GO:0005886,GO:0016020,GO:0044464,GO:0071944	1.12.5.1,1.12.99.6	ko:K05922,ko:K06281	ko00633,ko01120,map00633,map01120		R08034	RC00250	ko00000,ko00001,ko01000				Bacteria	1MWFJ@1224,2YM8Q@29547,42M4S@68525,COG0374@1,COG0374@2	NA|NA|NA	C	Belongs to the NiFe NiFeSe hydrogenase large subunit family
orf00067_1	192222.Cj1267c	5.08e-284	775.0	Epsilonproteobacteria	hydA	GO:0005575,GO:0005623,GO:0005886,GO:0016020,GO:0042597,GO:0044464,GO:0071944	1.12.2.1,1.12.5.1,1.12.7.2,1.12.99.6	ko:K00534,ko:K05927,ko:K06282,ko:K18008	ko00633,ko01120,map00633,map01120		R00019,R08034	RC00250	ko00000,ko00001,ko01000				Bacteria	1MWAC@1224,2YMAS@29547,42MI0@68525,COG1740@1,COG1740@2	NA|NA|NA	C	Small subunit
orf00068_1	192222.Cj1268c	0.0	1189.0	Epsilonproteobacteria	mnmC	GO:0000166,GO:0001510,GO:0002097,GO:0002098,GO:0003674,GO:0003824,GO:0004808,GO:0005488,GO:0005575,GO:0005622,GO:0005623,GO:0005737,GO:0006139,GO:0006396,GO:0006399,GO:0006400,GO:0006725,GO:0006807,GO:0008033,GO:0008150,GO:0008152,GO:0008168,GO:0008173,GO:0008175,GO:0008757,GO:0009451,GO:0009987,GO:0010467,GO:0016070,GO:0016491,GO:0016740,GO:0016741,GO:0030488,GO:0032259,GO:0034470,GO:0034641,GO:0034660,GO:0036094,GO:0043167,GO:0043168,GO:0043170,GO:0043412,GO:0043414,GO:0044237,GO:0044238,GO:0044260,GO:0044424,GO:0044464,GO:0046483,GO:0048037,GO:0050660,GO:0050662,GO:0055114,GO:0071704,GO:0071949,GO:0090304,GO:0097159,GO:0140098,GO:0140101,GO:1901265,GO:1901360,GO:1901363	2.1.1.61,2.1.1.72,2.4.2.29,4.2.1.151	ko:K00773,ko:K07319,ko:K11782,ko:K15461	ko00130,ko01110,map00130,map01110		R00601,R03789,R08702,R10209,R10666	RC00003,RC00053,RC00060,RC00063,RC01483,RC03232	ko00000,ko00001,ko01000,ko02048,ko03016				Bacteria	1MZW5@1224,2YMWC@29547,42MKQ@68525,COG0665@1,COG0665@2,COG4121@1,COG4121@2	NA|NA|NA	J	Catalyzes the last two steps in the biosynthesis of 5- methylaminomethyl-2-thiouridine (mnm(5)s(2)U) at the wobble position (U34) in tRNA. Catalyzes the FAD-dependent demodification of cmnm(5)s(2)U34 to nm(5)s(2)U34, followed by the transfer of a methyl group from S-adenosyl-L-methionine to nm(5)s(2)U34, to form mnm(5)s(2)U34
orf00069_1	192222.Cj1269c	0.0	1066.0	Epsilonproteobacteria	amiA		3.5.1.28	ko:K01448	ko01503,map01503	M00727	R04112	RC00064,RC00141	ko00000,ko00001,ko00002,ko01000,ko01011,ko03036				Bacteria	1MUQK@1224,2YMZ9@29547,42MPH@68525,COG0860@1,COG0860@2	NA|NA|NA	M	N-acetylmuramoyl-L-alanine amidase
orf00070_1	192222.Cj1270c	9.27e-272	742.0	Epsilonproteobacteria	npd		1.13.12.16	ko:K00459	ko00910,map00910		R00025	RC02541,RC02759	ko00000,ko00001,ko01000				Bacteria	1N52W@1224,2YMD6@29547,42N6F@68525,COG2070@1,COG2070@2	NA|NA|NA	S	2-nitropropane dioxygenase
orf00071_1	192222.Cj1271c	3.04e-278	762.0	Epsilonproteobacteria	tyrS	GO:0003674,GO:0003824,GO:0004812,GO:0004831,GO:0005575,GO:0005622,GO:0005623,GO:0005737,GO:0005829,GO:0006082,GO:0006139,GO:0006399,GO:0006412,GO:0006418,GO:0006437,GO:0006518,GO:0006520,GO:0006725,GO:0006807,GO:0008150,GO:0008152,GO:0009058,GO:0009059,GO:0009987,GO:0010467,GO:0016070,GO:0016874,GO:0016875,GO:0019538,GO:0019752,GO:0034641,GO:0034645,GO:0034660,GO:0043038,GO:0043039,GO:0043043,GO:0043170,GO:0043436,GO:0043603,GO:0043604,GO:0044237,GO:0044238,GO:0044249,GO:0044260,GO:0044267,GO:0044271,GO:0044281,GO:0044424,GO:0044444,GO:0044464,GO:0046483,GO:0071704,GO:0090304,GO:0140098,GO:0140101,GO:1901360,GO:1901564,GO:1901566,GO:1901576	6.1.1.1	ko:K01866	ko00970,map00970	M00359,M00360	R02918	RC00055,RC00523	ko00000,ko00001,ko00002,ko01000,ko01007,ko03016,ko03029			iJN746.PP_0436,iLJ478.TM0478	Bacteria	1MVUQ@1224,2YMD3@29547,42N2A@68525,COG0162@1,COG0162@2	NA|NA|NA	J	Catalyzes the attachment of tyrosine to tRNA(Tyr) in a two-step reaction tyrosine is first activated by ATP to form Tyr- AMP and then transferred to the acceptor end of tRNA(Tyr)
orf00072_1	192222.Cj1272c	0.0	1437.0	Epsilonproteobacteria	relA		2.7.6.5,3.1.7.2	ko:K00951,ko:K01139	ko00230,map00230		R00336,R00429	RC00002,RC00078	ko00000,ko00001,ko01000,ko03009				Bacteria	1MU44@1224,2YN2C@29547,42M6W@68525,COG0317@1,COG0317@2	NA|NA|NA	KT	In eubacteria ppGpp (guanosine 3'-diphosphate 5-' diphosphate) is a mediator of the stringent response that coordinates a variety of cellular activities in response to changes in nutritional abundance
orf00073_1	192222.Cj1273c	5.63e-43	140.0	Epsilonproteobacteria	rpoZ	GO:0003674,GO:0003824,GO:0003899,GO:0005575,GO:0005618,GO:0005622,GO:0005623,GO:0005737,GO:0005829,GO:0006139,GO:0006351,GO:0006725,GO:0006807,GO:0008150,GO:0008152,GO:0009058,GO:0009059,GO:0009987,GO:0010467,GO:0016070,GO:0016740,GO:0016772,GO:0016779,GO:0018130,GO:0019438,GO:0030312,GO:0030880,GO:0032774,GO:0032991,GO:0034062,GO:0034641,GO:0034645,GO:0034654,GO:0040007,GO:0043170,GO:0044237,GO:0044238,GO:0044249,GO:0044260,GO:0044271,GO:0044424,GO:0044444,GO:0044464,GO:0046483,GO:0061695,GO:0071704,GO:0071944,GO:0090304,GO:0097659,GO:0097747,GO:0140098,GO:1901360,GO:1901362,GO:1901576,GO:1902494,GO:1990234	2.7.7.6	ko:K03060	ko00230,ko00240,ko01100,ko03020,map00230,map00240,map01100,map03020	M00183	R00435,R00441,R00442,R00443	RC02795	br01611,ko00000,ko00001,ko00002,ko01000,ko03021,ko03400				Bacteria	1Q28G@1224,2YQDH@29547,42V5Z@68525,COG1758@1,COG1758@2	NA|NA|NA	K	Promotes RNA polymerase assembly. Latches the N- and C- terminal regions of the beta' subunit thereby facilitating its interaction with the beta and alpha subunits
orf00074_1	354242.CJJ81176_1290	1.61e-162	456.0	Epsilonproteobacteria	pyrH	GO:0000287,GO:0003674,GO:0003824,GO:0005488,GO:0005575,GO:0005623,GO:0005886,GO:0006139,GO:0006213,GO:0006220,GO:0006221,GO:0006225,GO:0006725,GO:0006753,GO:0006793,GO:0006796,GO:0006807,GO:0008150,GO:0008152,GO:0009041,GO:0009058,GO:0009116,GO:0009117,GO:0009119,GO:0009123,GO:0009132,GO:0009133,GO:0009138,GO:0009139,GO:0009163,GO:0009165,GO:0009185,GO:0009188,GO:0009193,GO:0009194,GO:0009218,GO:0009220,GO:0009259,GO:0009260,GO:0009987,GO:0015949,GO:0016020,GO:0016301,GO:0016310,GO:0016740,GO:0016772,GO:0016776,GO:0018130,GO:0019205,GO:0019438,GO:0019637,GO:0019693,GO:0033862,GO:0034404,GO:0034641,GO:0034654,GO:0040007,GO:0042455,GO:0043167,GO:0043169,GO:0044237,GO:0044238,GO:0044249,GO:0044271,GO:0044281,GO:0044283,GO:0044464,GO:0046048,GO:0046131,GO:0046132,GO:0046134,GO:0046390,GO:0046483,GO:0046872,GO:0046940,GO:0050145,GO:0055086,GO:0071704,GO:0071944,GO:0072527,GO:0072528,GO:0090407,GO:1901135,GO:1901137,GO:1901293,GO:1901360,GO:1901362,GO:1901564,GO:1901566,GO:1901576,GO:1901657,GO:1901659	2.7.4.22	ko:K09903	ko00240,ko01100,map00240,map01100		R00158	RC00002	ko00000,ko00001,ko01000			iSB619.SA_RS06240	Bacteria	1MV3N@1224,2YMCQ@29547,42M3X@68525,COG0528@1,COG0528@2	NA|NA|NA	F	Catalyzes the reversible phosphorylation of UMP to UDP
orf00075_1	192222.Cj1275c	8.72e-237	657.0	Epsilonproteobacteria	spoIIQ	GO:0005575,GO:0005623,GO:0042601,GO:0042763,GO:0044464		ko:K06194,ko:K06386					ko00000	1.A.34.1.1,1.A.34.1.2			Bacteria	1QUJP@1224,2YT9A@29547,43BJK@68525,COG0739@1,COG0739@2	NA|NA|NA	M	peptidase M23
orf00076_1	192222.Cj1276c	5.15e-178	497.0	Epsilonproteobacteria	ftsX	GO:0005575,GO:0005618,GO:0005623,GO:0006928,GO:0008150,GO:0009274,GO:0009276,GO:0009605,GO:0009607,GO:0009615,GO:0009987,GO:0030312,GO:0030313,GO:0031975,GO:0040011,GO:0043207,GO:0044464,GO:0048870,GO:0050896,GO:0051179,GO:0051301,GO:0051674,GO:0051704,GO:0051707,GO:0071944,GO:0071976		ko:K09811,ko:K09812	ko02010,map02010	M00256			ko00000,ko00001,ko00002,ko02000,ko03036	3.A.1.140			Bacteria	1R85B@1224,2YNQW@29547,42PX3@68525,COG2177@1,COG2177@2	NA|NA|NA	D	Cell division protein FtsX
orf00077_1	192222.Cj1277c	2.51e-157	441.0	Epsilonproteobacteria	ftsE			ko:K09810,ko:K09812	ko02010,map02010	M00255,M00256			ko00000,ko00001,ko00002,ko01000,ko02000,ko03036	3.A.1.125,3.A.1.140			Bacteria	1NQZZ@1224,2YMBB@29547,43BN9@68525,COG1136@1,COG1136@2	NA|NA|NA	D	ATP-binding protein
orf00078_1	192222.Cj1278c	1.16e-282	772.0	Epsilonproteobacteria	trmB	GO:0001510,GO:0003674,GO:0003824,GO:0005575,GO:0005622,GO:0005623,GO:0005737,GO:0006139,GO:0006396,GO:0006399,GO:0006400,GO:0006725,GO:0006807,GO:0008033,GO:0008150,GO:0008152,GO:0008168,GO:0008173,GO:0008175,GO:0008176,GO:0008757,GO:0009451,GO:0009987,GO:0010467,GO:0016070,GO:0016423,GO:0016740,GO:0016741,GO:0030488,GO:0032259,GO:0032991,GO:0034470,GO:0034641,GO:0034660,GO:0034708,GO:0036265,GO:0040007,GO:0043170,GO:0043412,GO:0043414,GO:0043527,GO:0044237,GO:0044238,GO:0044260,GO:0044424,GO:0044444,GO:0044464,GO:0046483,GO:0071704,GO:0090304,GO:0106004,GO:0140098,GO:0140101,GO:1901360,GO:1902494,GO:1990234	2.1.1.297,2.1.1.33,2.4.99.12,2.4.99.13,2.4.99.14,2.4.99.15	ko:K02493,ko:K02527,ko:K03439	ko00540,ko01100,map00540,map01100	M00060,M00080	R04658,R05074,R09763,R10806	RC00003,RC00009,RC00077,RC00247,RC03279	ko00000,ko00001,ko00002,ko01000,ko01003,ko01005,ko03012,ko03016		GT30		Bacteria	1MUWJ@1224,2YMR1@29547,42M78@68525,COG0220@1,COG0220@2	NA|NA|NA	J	Catalyzes the formation of N(7)-methylguanine at position 46 (m7G46) in tRNA
orf00079_1	354242.CJJ81176_1295	4.56e-276	756.0	Epsilonproteobacteria				ko:K06882					ko00000				Bacteria	1R42S@1224,2YT1B@29547,43AEN@68525,COG4733@1,COG4733@2	NA|NA|NA	S	Fibronectin type III domain protein
orf00080_1	192222.Cj1280c	3.79e-223	616.0	Epsilonproteobacteria	rluD	GO:0000027,GO:0000154,GO:0000455,GO:0001522,GO:0003674,GO:0003824,GO:0005575,GO:0005622,GO:0005623,GO:0005737,GO:0005829,GO:0006139,GO:0006364,GO:0006396,GO:0006725,GO:0006807,GO:0006996,GO:0008150,GO:0008152,GO:0009451,GO:0009982,GO:0009987,GO:0010467,GO:0016043,GO:0016070,GO:0016072,GO:0016853,GO:0016866,GO:0022607,GO:0022613,GO:0022618,GO:0031118,GO:0034470,GO:0034622,GO:0034641,GO:0034660,GO:0042254,GO:0042255,GO:0042273,GO:0043170,GO:0043412,GO:0043933,GO:0044085,GO:0044237,GO:0044238,GO:0044424,GO:0044444,GO:0044464,GO:0046483,GO:0065003,GO:0070925,GO:0071704,GO:0071826,GO:0071840,GO:0090304,GO:1901360	5.4.99.23,5.4.99.28,5.4.99.29	ko:K06177,ko:K06180					ko00000,ko01000,ko03009,ko03016			iE2348C_1286.E2348C_2868,iECED1_1282.ECED1_3035,iECSF_1327.ECSF_2432	Bacteria	1MUBN@1224,2YMBD@29547,42MBA@68525,COG0564@1,COG0564@2	NA|NA|NA	J	Responsible for synthesis of pseudouridine from uracil
orf00081_1	354242.CJJ81176_1297	5.45e-246	677.0	Epsilonproteobacteria	rodA			ko:K03588,ko:K05837	ko04112,map04112				ko00000,ko00001,ko02000,ko03036	2.A.103.1			Bacteria	1MUK3@1224,2YMQ6@29547,42MQT@68525,COG0772@1,COG0772@2	NA|NA|NA	D	Belongs to the SEDS family
orf00082_1	192222.Cj1283	1.66e-303	830.0	Epsilonproteobacteria	ktrB			ko:K03498					ko00000,ko02000	2.A.38.1,2.A.38.4			Bacteria	1N412@1224,2YMWN@29547,42MBI@68525,COG0168@1,COG0168@2	NA|NA|NA	P	Potassium uptake protein
orf00083_1	192222.Cj1284	2.69e-145	410.0	Epsilonproteobacteria	ktrA			ko:K03499					ko00000,ko02000	2.A.38.1,2.A.38.4			Bacteria	1R7KM@1224,2YP5Q@29547,42PJH@68525,COG0569@1,COG0569@2	NA|NA|NA	P	uptake protein
orf00084_1	192222.Cj1285c	6.35e-152	427.0	Epsilonproteobacteria	mqnA		1.21.98.1,4.2.1.151	ko:K07081,ko:K11782,ko:K11784	ko00130,ko01110,map00130,map01110		R08588,R10666	RC02329,RC03232	ko00000,ko00001,ko01000				Bacteria	1RCS0@1224,2YN8T@29547,42MJZ@68525,COG1427@1,COG1427@2	NA|NA|NA	H	Catalyzes the dehydration of chorismate into 3- (1- carboxyvinyl)oxy benzoate, a step in the biosynthesis of menaquinone (MK, vitamin K2)
orf00085_1	354242.CJJ81176_1303	3.97e-117	337.0	Epsilonproteobacteria	upp	GO:0003674,GO:0003824,GO:0004849,GO:0005575,GO:0005622,GO:0005623,GO:0005737,GO:0005829,GO:0006139,GO:0006206,GO:0006213,GO:0006220,GO:0006221,GO:0006222,GO:0006725,GO:0006753,GO:0006793,GO:0006796,GO:0006807,GO:0008150,GO:0008152,GO:0008655,GO:0009058,GO:0009112,GO:0009116,GO:0009117,GO:0009119,GO:0009123,GO:0009124,GO:0009129,GO:0009130,GO:0009156,GO:0009161,GO:0009163,GO:0009165,GO:0009173,GO:0009174,GO:0009218,GO:0009220,GO:0009259,GO:0009260,GO:0009987,GO:0016301,GO:0016310,GO:0016740,GO:0016772,GO:0018130,GO:0019205,GO:0019206,GO:0019438,GO:0019637,GO:0019693,GO:0034404,GO:0034641,GO:0034654,GO:0042455,GO:0043094,GO:0043097,GO:0043174,GO:0044237,GO:0044238,GO:0044249,GO:0044271,GO:0044281,GO:0044283,GO:0044424,GO:0044444,GO:0044464,GO:0046049,GO:0046131,GO:0046132,GO:0046134,GO:0046390,GO:0046483,GO:0055086,GO:0071704,GO:0072527,GO:0072528,GO:0090407,GO:1901135,GO:1901137,GO:1901293,GO:1901360,GO:1901362,GO:1901564,GO:1901566,GO:1901576,GO:1901657,GO:1901659	2.4.2.9	ko:K00761	ko00240,ko01100,map00240,map01100		R00966	RC00063	ko00000,ko00001,ko01000			iSB619.SA_RS11010	Bacteria	1MV4N@1224,2YMH0@29547,42NNR@68525,COG0035@1,COG0035@2	NA|NA|NA	F	Catalyzes the conversion of uracil and 5-phospho-alpha- D-ribose 1-diphosphate (PRPP) to UMP and diphosphate
orf00086_1	192222.Cj1287c	7.55e-284	777.0	Epsilonproteobacteria	maeB		1.1.1.38,1.1.1.40	ko:K00027,ko:K00029	ko00620,ko00710,ko01100,ko01120,ko01200,ko02020,map00620,map00710,map01100,map01120,map01200,map02020	M00169,M00172	R00214,R00216	RC00105	ko00000,ko00001,ko00002,ko01000				Bacteria	1MU0A@1224,2YMJJ@29547,42MDI@68525,COG0281@1,COG0281@2	NA|NA|NA	C	malic enzyme
orf00088_1	192222.Cj1288c	0.0	914.0	Epsilonproteobacteria	gltX	GO:0003674,GO:0003824,GO:0004812,GO:0004818,GO:0005488,GO:0005575,GO:0005622,GO:0005623,GO:0005737,GO:0005829,GO:0006082,GO:0006139,GO:0006399,GO:0006412,GO:0006418,GO:0006424,GO:0006518,GO:0006520,GO:0006725,GO:0006807,GO:0008150,GO:0008152,GO:0008270,GO:0009058,GO:0009059,GO:0009987,GO:0010467,GO:0016070,GO:0016874,GO:0016875,GO:0019538,GO:0019752,GO:0034641,GO:0034645,GO:0034660,GO:0043038,GO:0043039,GO:0043043,GO:0043167,GO:0043169,GO:0043170,GO:0043436,GO:0043603,GO:0043604,GO:0044237,GO:0044238,GO:0044249,GO:0044260,GO:0044267,GO:0044271,GO:0044281,GO:0044424,GO:0044444,GO:0044464,GO:0046483,GO:0046872,GO:0046914,GO:0071704,GO:0090304,GO:0140098,GO:0140101,GO:1901360,GO:1901564,GO:1901566,GO:1901576	6.1.1.17	ko:K01885	ko00860,ko00970,ko01100,ko01110,ko01120,map00860,map00970,map01100,map01110,map01120	M00121,M00359,M00360	R05578	RC00055,RC00523	ko00000,ko00001,ko00002,ko01000,ko01007,ko02048,ko03016			iEC042_1314.EC042_2616,iIT341.HP0476	Bacteria	1MUCR@1224,2YMCW@29547,42MAI@68525,COG0008@1,COG0008@2	NA|NA|NA	J	Catalyzes the attachment of glutamate to tRNA(Glu) in a two-step reaction glutamate is first activated by ATP to form Glu-AMP and then transferred to the acceptor end of tRNA(Glu)
orf00089_1	354242.CJJ81176_1306	3.5e-182	508.0	Epsilonproteobacteria			5.2.1.8	ko:K01802,ko:K03771					ko00000,ko01000,ko03110				Bacteria	1N20M@1224,2YPHS@29547,42SXW@68525,COG0760@1,COG0760@2	NA|NA|NA	O	Chaperone involved in the correct folding and assembly of outer membrane proteins. Recognizes specific patterns of aromatic residues and the orientation of their side chains, which are found more frequently in integral outer membrane proteins. May act in both early periplasmic and late outer membrane-associated steps of protein maturation
orf00091_1	354242.CJJ81176_1307	0.0	871.0	Epsilonproteobacteria	accC		6.3.4.14,6.4.1.1,6.4.1.2	ko:K01959,ko:K01961	ko00020,ko00061,ko00620,ko00640,ko00720,ko01100,ko01110,ko01120,ko01130,ko01200,ko01212,ko01230,map00020,map00061,map00620,map00640,map00720,map01100,map01110,map01120,map01130,map01200,map01212,map01230	M00082,M00173,M00376,M00620	R00344,R00742,R04385	RC00040,RC00253,RC00367	ko00000,ko00001,ko00002,ko01000				Bacteria	1MU4H@1224,2YMWB@29547,42M14@68525,COG0439@1,COG0439@2	NA|NA|NA	I	Biotin carboxylase
orf00092_1	192222.Cj1291c	5.31e-102	295.0	Epsilonproteobacteria	accB		2.3.1.12,4.1.1.3,6.4.1.1	ko:K00627,ko:K01571,ko:K01960,ko:K02160	ko00010,ko00020,ko00061,ko00620,ko00640,ko00720,ko01100,ko01110,ko01120,ko01130,ko01200,ko01212,ko01230,map00010,map00020,map00061,map00620,map00640,map00720,map01100,map01110,map01120,map01130,map01200,map01212,map01230	M00082,M00173,M00307,M00376,M00620	R00209,R00217,R00344,R00742,R02569	RC00004,RC00040,RC00367,RC02742,RC02857	br01601,ko00000,ko00001,ko00002,ko01000,ko02000	3.B.1.1.1			Bacteria	1RCXA@1224,2YPM8@29547,42SQQ@68525,COG0511@1,COG0511@2	NA|NA|NA	I	first, biotin carboxylase catalyzes the carboxylation of the carrier protein and then the transcarboxylase transfers the carboxyl group to form malonyl-CoA
orf00094_1	683083.C414_000260184	6.34e-136	384.0	Epsilonproteobacteria	dcd	GO:0003674,GO:0003824,GO:0006139,GO:0006220,GO:0006244,GO:0006253,GO:0006725,GO:0006753,GO:0006793,GO:0006796,GO:0006807,GO:0008150,GO:0008152,GO:0008829,GO:0009056,GO:0009058,GO:0009117,GO:0009141,GO:0009143,GO:0009147,GO:0009149,GO:0009166,GO:0009200,GO:0009204,GO:0009211,GO:0009213,GO:0009219,GO:0009223,GO:0009262,GO:0009264,GO:0009394,GO:0009987,GO:0016787,GO:0016810,GO:0016814,GO:0018130,GO:0019239,GO:0019438,GO:0019439,GO:0019637,GO:0019692,GO:0034404,GO:0034641,GO:0034654,GO:0034655,GO:0044237,GO:0044238,GO:0044248,GO:0044249,GO:0044270,GO:0044271,GO:0044281,GO:0044283,GO:0046065,GO:0046386,GO:0046434,GO:0046483,GO:0046700,GO:0055086,GO:0071704,GO:0072527,GO:0072529,GO:1901135,GO:1901136,GO:1901292,GO:1901360,GO:1901361,GO:1901362,GO:1901564,GO:1901565,GO:1901575,GO:1901576	3.5.4.13	ko:K01494	ko00240,ko01100,map00240,map01100	M00053	R00568,R02325	RC00074	ko00000,ko00001,ko00002,ko01000				Bacteria	1MV2J@1224,2YMAE@29547,42MV8@68525,COG0717@1,COG0717@2	NA|NA|NA	F	Belongs to the dCTP deaminase family
orf00096_1	192222.Cj1293	1.31e-245	674.0	Epsilonproteobacteria	pseB		4.2.1.115,4.2.1.135	ko:K15894,ko:K15912	ko00520,map00520		R09697	RC02609	ko00000,ko00001,ko01000				Bacteria	1MWKY@1224,2YME6@29547,42M4P@68525,COG1086@1,COG1086@2	NA|NA|NA	M	UDP-N-acetylglucosamine 4,6-dehydratase
orf00097_1	192222.Cj1294	6.93e-260	713.0	Epsilonproteobacteria	pseC		2.6.1.102,2.6.1.92	ko:K13010,ko:K15895	ko00520,map00520		R09825,R10460	RC00006,RC00781	ko00000,ko00001,ko01000,ko01005,ko01007				Bacteria	1MUPN@1224,2YMNH@29547,42MTX@68525,COG0399@1,COG0399@2	NA|NA|NA	E	Belongs to the DegT DnrJ EryC1 family
orf00098_1	192222.Cj1295	6.34e-101	303.0	Epsilonproteobacteria													Bacteria	1NDWT@1224,2YMYV@29547,42PN9@68525,COG4310@1,COG4310@2	NA|NA|NA	Q	Domain of unknown function (DUF4910)
orf00099_1	192222.Cj1295	1.24e-97	295.0	Epsilonproteobacteria													Bacteria	1NDWT@1224,2YMYV@29547,42PN9@68525,COG4310@1,COG4310@2	NA|NA|NA	Q	Domain of unknown function (DUF4910)
orf00100_1	1367491.BN865_08330c	7.32e-162	456.0	Epsilonproteobacteria	yokD		2.3.1.81	ko:K00662					ko00000,ko01000,ko01504				Bacteria	1MZ5F@1224,2YNHP@29547,42N21@68525,COG2746@1,COG2746@2	NA|NA|NA	V	Updated (2006) note Literature search identified paper linking product function of Cj1296 Cj1297 Cj1298 to antimicrobial efflux pumps
orf00101_1	306263.Cla_1302	7.74e-34	117.0	Epsilonproteobacteria	acpP2			ko:K02078					ko00000,ko00001				Bacteria	1Q5SV@1224,2YS9X@29547,431RM@68525,COG0236@1,COG0236@2	NA|NA|NA	IQ	Carrier of the growing fatty acid chain in fatty acid biosynthesis
orf00102_1	306263.Cla_1303	1.08e-77	240.0	Epsilonproteobacteria			2.1.1.222,2.1.1.64	ko:K00568	ko00130,ko01100,ko01110,map00130,map01100,map01110	M00117	R04988,R05614,R08769,R08781	RC00003,RC00392,RC01895	ko00000,ko00001,ko00002,ko01000				Bacteria	1RCG6@1224,2YR8R@29547,42ZAV@68525,COG2227@1,COG2227@2	NA|NA|NA	H	Methyltransferase domain
orf00103_1	306263.Cla_1303	8.12e-40	139.0	Epsilonproteobacteria			2.1.1.222,2.1.1.64	ko:K00568	ko00130,ko01100,ko01110,map00130,map01100,map01110	M00117	R04988,R05614,R08769,R08781	RC00003,RC00392,RC01895	ko00000,ko00001,ko00002,ko01000				Bacteria	1RCG6@1224,2YR8R@29547,42ZAV@68525,COG2227@1,COG2227@2	NA|NA|NA	H	Methyltransferase domain
orf00104_1	192222.Cj1302	3.79e-41	147.0	Epsilonproteobacteria	Cj1302												Bacteria	1PNPC@1224,2YN7K@29547,42PPV@68525,COG3882@1,COG3882@2	NA|NA|NA	Q	HAD-superfamily phosphatase subfamily IIIC
orf00105_1	192222.Cj1302	6.31e-158	456.0	Epsilonproteobacteria	Cj1302												Bacteria	1PNPC@1224,2YN7K@29547,42PPV@68525,COG3882@1,COG3882@2	NA|NA|NA	Q	HAD-superfamily phosphatase subfamily IIIC
orf00106_1	354242.CJJ81176_1318	8.73e-74	234.0	Epsilonproteobacteria	Cj1302												Bacteria	1PNPC@1224,2YN7K@29547,42PPV@68525,COG3882@1,COG3882@2	NA|NA|NA	Q	HAD-superfamily phosphatase subfamily IIIC
orf00108_1	354242.CJJ81176_1319	4.31e-256	702.0	Epsilonproteobacteria	fabH		2.3.1.180	ko:K00648	ko00061,ko01100,ko01212,map00061,map01100,map01212	M00082,M00083	R10707	RC00004,RC02729,RC02888	ko00000,ko00001,ko00002,ko01000,ko01004				Bacteria	1RB2V@1224,2YPN9@29547,42RGY@68525,COG0332@1,COG0332@2	NA|NA|NA	I	3-Oxoacyl-[acyl-carrier-protein (ACP)] synthase III C terminal
orf00109_1	192222.Cj1304	7.46e-43	140.0	Epsilonproteobacteria	acpP3			ko:K02078					ko00000,ko00001				Bacteria	1P9FW@1224,2YQZZ@29547,33JU1@2,42X4K@68525,COG0236@1	NA|NA|NA	IQ	fatty acid biosynthetic process
orf00110_1	192222.Cj1306c	7.67e-189	530.0	Epsilonproteobacteria													Bacteria	1NV4Y@1224,2YN5F@29547,42N7G@68525,COG1506@1,COG1506@2	NA|NA|NA	E	no Hp match. A member of the 617 family of C.j. proteins containing homopolymeric tracts
orf00111_1	192222.Cj1307	0.0	990.0	Epsilonproteobacteria													Bacteria	1QK4F@1224,2YNFW@29547,42NH4@68525,COG1020@1,COG1020@2	NA|NA|NA	Q	amino acid adenylation domain protein
orf00051_1	354242.CJJ81176_0386	0.0	883.0	Epsilonproteobacteria	hemN1												Bacteria	1MV1I@1224,2YN6U@29547,42MN3@68525,COG0635@1,COG0635@2	NA|NA|NA	H	coproporphyrinogen III oxidase
orf00056_1	354242.CJJ81176_0381	3.37e-123	353.0	Epsilonproteobacteria	plsY		2.3.1.15	ko:K08591	ko00561,ko00564,ko01100,ko01110,map00561,map00564,map01100,map01110	M00089	R00851,R09380	RC00004,RC00039,RC00041	ko00000,ko00001,ko00002,ko01000,ko01004				Bacteria	1RD4Z@1224,2YNZZ@29547,42QQP@68525,COG0344@1,COG0344@2	NA|NA|NA	I	Catalyzes the transfer of an acyl group from acyl- phosphate (acyl-PO(4)) to glycerol-3-phosphate (G3P) to form lysophosphatidic acid (LPA). This enzyme utilizes acyl-phosphate as fatty acyl donor, but not acyl-CoA or acyl-ACP
orf00087_1	192222.Cj0003	0.0	1503.0	Epsilonproteobacteria	gyrB	GO:0003674,GO:0003824,GO:0003916,GO:0003918,GO:0008094,GO:0016462,GO:0016787,GO:0016817,GO:0016818,GO:0016853,GO:0016887,GO:0017111,GO:0034335,GO:0042623,GO:0061505,GO:0140097	5.99.1.3	ko:K02470					ko00000,ko01000,ko03032,ko03400				Bacteria	1MVKT@1224,2YMUW@29547,42M7M@68525,COG0187@1,COG0187@2	NA|NA|NA	L	A type II topoisomerase that negatively supercoils closed circular double-stranded (ds) DNA in an ATP-dependent manner to modulate DNA topology and maintain chromosomes in an underwound state. Negative supercoiling favors strand separation, and DNA replication, transcription, recombination and repair, all of which involve strand separation. Also able to catalyze the interconversion of other topological isomers of dsDNA rings, including catenanes and knotted rings. Type II topoisomerases break and join 2 DNA strands simultaneously in an ATP-dependent manner
orf00093_1	192222.Cj0009	0.0	956.0	Epsilonproteobacteria	gltD	GO:0005575,GO:0005622,GO:0005623,GO:0005737,GO:0005829,GO:0005886,GO:0008150,GO:0016020,GO:0040007,GO:0044424,GO:0044444,GO:0044464,GO:0071944	1.4.1.13,1.4.1.14	ko:K00266	ko00250,ko00910,ko01100,ko01110,ko01120,ko01130,ko01230,map00250,map00910,map01100,map01110,map01120,map01130,map01230		R00093,R00114,R00248	RC00006,RC00010,RC02799	ko00000,ko00001,ko01000			iJN678.gltD,iNJ661.Rv3858c,iSB619.SA_RS02450	Bacteria	1MU2H@1224,2YN2P@29547,42MGY@68525,COG0493@1,COG0493@2	NA|NA|NA	C	Glutamate synthase
orf00095_1	192222.Cj0011c	3.52e-46	149.0	Epsilonproteobacteria	ybaV	GO:0005575,GO:0005623,GO:0030288,GO:0030313,GO:0031975,GO:0042597,GO:0044464	3.1.26.11	ko:K00784,ko:K02237	ko03013,map03013	M00429			ko00000,ko00001,ko00002,ko01000,ko02044,ko03016	3.A.11.1,3.A.11.2			Bacteria	1PU4P@1224,2YQIA@29547,42VEG@68525,COG1555@1,COG1555@2	NA|NA|NA	L	competence protein
orf00107_1	192222.Cj0021c	4.07e-212	585.0	Epsilonproteobacteria	fahA												Bacteria	1MUPF@1224,2YM8I@29547,42NS5@68525,COG0179@1,COG0179@2	NA|NA|NA	Q	Fumarylacetoacetate (FAA) hydrolase family
orf00112_1	192222.Cj0025c	3.63e-305	835.0	Epsilonproteobacteria				ko:K06956					ko00000				Bacteria	1R3F8@1224,2YNEX@29547,43DK0@68525,COG1823@1,COG1823@2	NA|NA|NA	U	Belongs to the dicarboxylate amino acid cation symporter (DAACS) (TC 2.A.23) family
orf00114_1	192222.Cj0026c	2.08e-149	420.0	Epsilonproteobacteria	thyX		2.1.1.148	ko:K03465	ko00240,ko00670,ko01100,map00240,map00670,map01100		R06613	RC00022,RC00332	ko00000,ko00001,ko01000				Bacteria	1Q73I@1224,2YMHF@29547,42N3X@68525,COG1351@1,COG1351@2	NA|NA|NA	F	Catalyzes the reductive methylation of 2'-deoxyuridine- 5'-monophosphate (dUMP) to 2'-deoxythymidine-5'-monophosphate (dTMP) while utilizing 5,10-methylenetetrahydrofolate (mTHF) as the methyl donor, and NAD(P)H and FADH(2) as the reductant
orf00115_1	354242.CJJ81176_0054	0.0	1065.0	Epsilonproteobacteria	pyrG	GO:0001775,GO:0002376,GO:0003674,GO:0003824,GO:0003883,GO:0005488,GO:0005515,GO:0005575,GO:0005622,GO:0005623,GO:0005737,GO:0005829,GO:0005886,GO:0006139,GO:0006213,GO:0006220,GO:0006221,GO:0006241,GO:0006725,GO:0006753,GO:0006793,GO:0006796,GO:0006807,GO:0008150,GO:0008152,GO:0008283,GO:0009058,GO:0009116,GO:0009117,GO:0009119,GO:0009141,GO:0009142,GO:0009147,GO:0009148,GO:0009163,GO:0009165,GO:0009199,GO:0009201,GO:0009208,GO:0009209,GO:0009218,GO:0009220,GO:0009259,GO:0009260,GO:0009987,GO:0015949,GO:0016020,GO:0016874,GO:0016879,GO:0018130,GO:0019438,GO:0019637,GO:0019693,GO:0032943,GO:0034404,GO:0034641,GO:0034654,GO:0040007,GO:0042098,GO:0042100,GO:0042110,GO:0042113,GO:0042221,GO:0042455,GO:0042493,GO:0042802,GO:0044237,GO:0044238,GO:0044249,GO:0044271,GO:0044281,GO:0044283,GO:0044424,GO:0044444,GO:0044464,GO:0045321,GO:0046036,GO:0046131,GO:0046132,GO:0046134,GO:0046390,GO:0046483,GO:0046649,GO:0046651,GO:0050896,GO:0055086,GO:0070661,GO:0071704,GO:0071944,GO:0072527,GO:0072528,GO:0090407,GO:1901135,GO:1901137,GO:1901293,GO:1901360,GO:1901362,GO:1901564,GO:1901566,GO:1901576,GO:1901657,GO:1901659	6.3.4.2	ko:K01937	ko00240,ko01100,map00240,map01100	M00052	R00571,R00573	RC00010,RC00074	ko00000,ko00001,ko00002,ko01000			iAF987.Gmet_1276,iECO103_1326.ECO103_3323,iNJ661.Rv1699,iPC815.YPO3377	Bacteria	1MUIT@1224,2YMUF@29547,42MEU@68525,COG0504@1,COG0504@2	NA|NA|NA	F	Catalyzes the ATP-dependent amination of UTP to CTP with either L-glutamine or ammonia as the source of nitrogen. Regulates intracellular CTP levels through interactions with the four ribonucleotide triphosphates
orf00116_1	192222.Cj0028	0.0	1024.0	Epsilonproteobacteria	recJ			ko:K07462	ko03410,ko03430,ko03440,map03410,map03430,map03440				ko00000,ko00001,ko01000,ko03400				Bacteria	1MU1M@1224,2YMXD@29547,42MYF@68525,COG0608@1,COG0608@2	NA|NA|NA	L	Single-stranded-DNA-specific exonuclease (RecJ)
orf00117_1	192222.Cj0029	1.75e-228	630.0	Epsilonproteobacteria	ansB	GO:0003674,GO:0003824,GO:0004067,GO:0005488,GO:0005515,GO:0005575,GO:0005622,GO:0005623,GO:0005737,GO:0005829,GO:0006082,GO:0006520,GO:0006528,GO:0006530,GO:0006807,GO:0008150,GO:0008152,GO:0009056,GO:0009063,GO:0009064,GO:0009065,GO:0009066,GO:0009068,GO:0009987,GO:0016043,GO:0016054,GO:0016787,GO:0016810,GO:0016811,GO:0019752,GO:0022607,GO:0030288,GO:0030313,GO:0031975,GO:0032787,GO:0034641,GO:0042597,GO:0042802,GO:0043436,GO:0043603,GO:0043933,GO:0044085,GO:0044237,GO:0044238,GO:0044248,GO:0044281,GO:0044282,GO:0044424,GO:0044444,GO:0044464,GO:0046395,GO:0051259,GO:0051260,GO:0051262,GO:0051289,GO:0065003,GO:0071704,GO:0071840,GO:0072329,GO:1901564,GO:1901565,GO:1901575,GO:1901605,GO:1901606	3.5.1.1,3.5.1.38	ko:K01424,ko:K05597	ko00220,ko00250,ko00460,ko00471,ko01100,ko01110,ko02020,map00220,map00250,map00460,map00471,map01100,map01110,map02020		R00256,R00485,R01579	RC00010,RC02798	ko00000,ko00001,ko01000				Bacteria	1MWIR@1224,2YMWI@29547,42MA1@68525,COG0252@1,COG0252@2	NA|NA|NA	EJ	Belongs to the asparaginase 1 family
